"nom";"prenom";"email"
"Ledoux";"Patrick";"ledoux.patrick@example.com"
"Didier";"Guy";"didier.guy@example.fr"
"Ferrand";"Penelope";"ferrand.penelope@example.fr"
"Julien";"Pauline";"julien.pauline@example.fr"
"Daniel";"Lucie";"daniel.lucie@example.com"
"Hernandez";"Martin";"hernandez.martin@example.fr"
"Hernandez";"Joseph";"hernandez.joseph@example.fr"
"Pineau";"Guillaume";"pineau.guillaume@example.net"
"David";"Christine";"david.christine@example.fr"
"Bernier";"David";"bernier.david@example.fr"
"Fernandes";"Penelope";"fernandes.penelope@example.fr"
"Pruvost";"Oceane";"pruvost.oceane@example.com"
"Menard";"Sylvie";"menard.sylvie@example.com"
"Boyer";"Franck";"boyer.franck@example.fr"
"Dos Santos";"Alix";"dos santos.alix@example.fr"
"Dias";"Amelie";"dias.amelie@example.fr"
"Gregoire";"Dominique";"gregoire.dominique@example.fr"
"Bernier";"Roland";"bernier.roland@example.fr"
"Leroy";"Remy";"leroy.remy@example.fr"
"Lopes";"Nicole";"lopes.nicole@example.fr"
"Legrand";"Paulette";"legrand.paulette@example.fr"
"Bonnet";"Guy";"bonnet.guy@example.fr"
"Tanguy";"Alphonse";"tanguy.alphonse@example.fr"
"Monnier";"Arthur";"monnier.arthur@example.fr"
"Ruiz";"Guillaume";"ruiz.guillaume@example.fr"
"Dias";"Odette";"dias.odette@example.fr"
"Lacroix";"elodie";"lacroix.elodie@example.com"
"Hebert";"Remy";"hebert.remy@example.fr"
"Lelievre";"Genevieve";"lelievre.genevieve@example.fr"
"Letellier";"Olivier";"letellier.olivier@example.fr"
"Leduc";"Adelaide";"leduc.adelaide@example.net"
"Rodriguez";"Frederique";"rodriguez.frederique@example.com"
"Besson";"Marguerite";"besson.marguerite@example.com"
"Menard";"Sebastien";"menard.sebastien@example.com"
"Riviere";"Emmanuel";"riviere.emmanuel@example.fr"
"Gimenez";"Zacharie";"gimenez.zacharie@example.net"
"Aubert";"Agnes";"aubert.agnes@example.fr"
"Gallet";"Timothee";"gallet.timothee@example.net"
"Payet";"William";"payet.william@example.net"
"Vallet";"Alex";"vallet.alex@example.com"
"Hubert";"Guy";"hubert.guy@example.net"
"De Oliveira";"Leon";"de oliveira.leon@example.com"
"Blot";"Suzanne";"blot.suzanne@example.fr"
"De Sousa";"Theophile";"de sousa.theophile@example.fr"
"Delorme";"elodie";"delorme.elodie@example.fr"
"Pinto";"Guillaume";"pinto.guillaume@example.com"
"Duval";"Luc";"duval.luc@example.net"
"Vincent";"Henriette";"vincent.henriette@example.fr"
"Dumas";"elodie";"dumas.elodie@example.net"
"Humbert";"Mathilde";"humbert.mathilde@example.fr"
"Coste";"Jeanne";"coste.jeanne@example.net"
"Hamon";"Constance";"hamon.constance@example.com"
"Guilbert";"Alexandria";"guilbert.alexandria@example.fr"
"Gautier";"edouard";"gautier.edouard@example.fr"
"Salmon";"Emmanuelle";"salmon.emmanuelle@example.com"
"Guillaume";"Sylvie";"guillaume.sylvie@example.fr"
"Lefevre";"Martin";"lefevre.martin@example.net"
"Vidal";"Thibaut";"vidal.thibaut@example.fr"
"Huet";"Aime";"huet.aime@example.com"
"Leleu";"Alex";"leleu.alex@example.fr"
"Delmas";"Rene";"delmas.rene@example.fr"
"Besnard";"Jules";"besnard.jules@example.fr"
"Prevost";"Odette";"prevost.odette@example.fr"
"Dos Santos";"Marc";"dos santos.marc@example.com"
"Bourgeois";"Charlotte";"bourgeois.charlotte@example.com"
"Grenier";"Guillaume";"grenier.guillaume@example.fr"
"Petitjean";"Monique";"petitjean.monique@example.com"
"Cousin";"Amelie";"cousin.amelie@example.com"
"Paris";"Claude";"paris.claude@example.fr"
"Rousseau";"Martine";"rousseau.martine@example.fr"
"Paris";"Eugene";"paris.eugene@example.com"
"Lenoir";"eric";"lenoir.eric@example.net"
"Alves";"Noemi";"alves.noemi@example.net"
"Robin";"Charlotte";"robin.charlotte@example.fr"
"Joseph";"Andree";"joseph.andree@example.net"
"Martel";"Susan";"martel.susan@example.com"
"Grenier";"Nicole";"grenier.nicole@example.com"
"Rey";"Celina";"rey.celina@example.fr"
"Raymond";"Patrick";"raymond.patrick@example.fr"
"Clement";"Penelope";"clement.penelope@example.fr"
"Nguyen";"Stephanie";"nguyen.stephanie@example.fr"
"Olivier";"Josephine";"olivier.josephine@example.fr"
"Imbert";"Sabine";"imbert.sabine@example.com"
"Chartier";"Nath";"chartier.nath@example.fr"
"Rey";"Alix";"rey.alix@example.fr"
"Germain";"Monique";"germain.monique@example.fr"
"Gilbert";"Valentine";"gilbert.valentine@example.fr"
"Moulin";"Luc";"moulin.luc@example.fr"
"Lenoir";"Julie";"lenoir.julie@example.com"
"Simon";"Veronique";"simon.veronique@example.fr"
"Adam";"Marcelle";"adam.marcelle@example.fr"
"Boyer";"Gilles";"boyer.gilles@example.com"
"Hoarau";"Suzanne";"hoarau.suzanne@example.fr"
"Dumont";"Aime";"dumont.aime@example.net"
"Barthelemy";"Anouk";"barthelemy.anouk@example.fr"
"Perrot";"Louise";"perrot.louise@example.fr"
"Ruiz";"Matthieu";"ruiz.matthieu@example.com"
"Lemaitre";"Thibaut";"lemaitre.thibaut@example.fr"
"Rodrigues";"Daniel";"rodrigues.daniel@example.com"
"Lelievre";"Catherine";"lelievre.catherine@example.fr"
"Boulay";"Chantal";"boulay.chantal@example.fr"
"Descamps";"Camille";"descamps.camille@example.fr"
"Marion";"Marianne";"marion.marianne@example.fr"
"Dupont";"Tristan";"dupont.tristan@example.fr"
"Fernandez";"edouard";"fernandez.edouard@example.fr"
"Delmas";"Clemence";"delmas.clemence@example.fr"
"Germain";"Antoine";"germain.antoine@example.net"
"Toussaint";"Francoise";"toussaint.francoise@example.com"
"Gerard";"Guillaume";"gerard.guillaume@example.com"
"Brunet";"Hortense";"brunet.hortense@example.com"
"Gallet";"Paulette";"gallet.paulette@example.net"
"Bruneau";"Thierry";"bruneau.thierry@example.fr"
"Chauvet";"Sylvie";"chauvet.sylvie@example.fr"
"Gosselin";"Henriette";"gosselin.henriette@example.fr"
"Lacombe";"Eugene";"lacombe.eugene@example.fr"
"Riou";"Thibault";"riou.thibault@example.fr"
"Duhamel";"Patrick";"duhamel.patrick@example.fr"
"Imbert";"Alice";"imbert.alice@example.fr"
"Hardy";"Valerie";"hardy.valerie@example.fr"
"Roussel";"Margot";"roussel.margot@example.fr"
"Riou";"Louis";"riou.louis@example.net"
"Gomes";"edith";"gomes.edith@example.fr"
"Le Goff";"Marthe";"le goff.marthe@example.com"
"Aubert";"Patricia";"aubert.patricia@example.com"
"Thierry";"Honore";"thierry.honore@example.com"
"Reynaud";"Zacharie";"reynaud.zacharie@example.fr"
"Leclercq";"Louise";"leclercq.louise@example.fr"
"De Oliveira";"Martin";"de oliveira.martin@example.fr"
"Evrard";"eric";"evrard.eric@example.com"
"Boucher";"Patrick";"boucher.patrick@example.fr"
"Gimenez";"Leon";"gimenez.leon@example.net"
"Salmon";"Audrey";"salmon.audrey@example.com"
"Gerard";"Arthur";"gerard.arthur@example.fr"
"Goncalves";"Arnaude";"goncalves.arnaude@example.com"
"Merle";"Theophile";"merle.theophile@example.fr"
"Techer";"Gabrielle";"techer.gabrielle@example.net"
"Charpentier";"Marie";"charpentier.marie@example.fr"
"Muller";"Raymond";"muller.raymond@example.com"
"Michaud";"Manon";"michaud.manon@example.fr"
"Olivier";"Penelope";"olivier.penelope@example.fr"
"Bernier";"Tristan";"bernier.tristan@example.fr"
"Arnaud";"Monique";"arnaud.monique@example.net"
"Salmon";"Margot";"salmon.margot@example.net"
"Delattre";"Aurore";"delattre.aurore@example.fr"
"Breton";"Eugene";"breton.eugene@example.fr"
"Costa";"Dominique";"costa.dominique@example.com"
"Imbert";"Theodore";"imbert.theodore@example.com"
"Marie";"Odette";"marie.odette@example.fr"
"Herve";"Richard";"herve.richard@example.fr"
"Fouquet";"Manon";"fouquet.manon@example.fr"
"Blanchard";"Zoe";"blanchard.zoe@example.net"
"Vasseur";"etienne";"vasseur.etienne@example.fr"
"Cohen";"Denis";"cohen.denis@example.com"
"Teixeira";"Matthieu";"teixeira.matthieu@example.com"
"Marechal";"Laurent";"marechal.laurent@example.fr"
"Hardy";"Audrey";"hardy.audrey@example.fr"
"Hubert";"Danielle";"hubert.danielle@example.net"
"Lenoir";"Valentine";"lenoir.valentine@example.net"
"Perrin";"Gregoire";"perrin.gregoire@example.fr"
"Fischer";"Xavier";"fischer.xavier@example.fr"
"Parent";"Christelle";"parent.christelle@example.com"
"Guillaume";"Lucy";"guillaume.lucy@example.fr"
"Couturier";"Sophie";"couturier.sophie@example.net"
"Roy";"Auguste";"roy.auguste@example.fr"
"Jacques";"Ines";"jacques.ines@example.fr"
"David";"Remy";"david.remy@example.fr"
"Benard";"Virginie";"benard.virginie@example.net"
"Pineau";"Luc";"pineau.luc@example.fr"
"Guichard";"Daniel";"guichard.daniel@example.fr"
"Buisson";"Thibaut";"buisson.thibaut@example.fr"
"Turpin";"Valerie";"turpin.valerie@example.net"
"Maillot";"Christophe";"maillot.christophe@example.fr"
"Lecoq";"Maggie";"lecoq.maggie@example.com"
"Marin";"Pierre";"marin.pierre@example.fr"
"Costa";"Victor";"costa.victor@example.fr"
"Peron";"Chantal";"peron.chantal@example.net"
"Renaud";"elise";"renaud.elise@example.fr"
"Langlois";"Chantal";"langlois.chantal@example.net"
"Thibault";"Christiane";"thibault.christiane@example.com"
"Pasquier";"Hélene";"pasquier.helene@example.fr"
"Le Roux";"Monique";"le roux.monique@example.net"
"Legros";"Constance";"legros.constance@example.fr"
"Vidal";"Marianne";"vidal.marianne@example.net"
"Martins";"Isaac";"martins.isaac@example.com"
"Rodrigues";"Josette";"rodrigues.josette@example.fr"
"Jacques";"Andre";"jacques.andre@example.com"
"Pires";"Thibaut";"pires.thibaut@example.fr"
"Alves";"Paul";"alves.paul@example.net"
"Morvan";"Nath";"morvan.nath@example.fr"
"Imbert";"Celine";"imbert.celine@example.fr"
"Morel";"Veronique";"morel.veronique@example.fr"
"Millet";"eric";"millet.eric@example.com"
"Clerc";"Thibaut";"clerc.thibaut@example.com"
"Ferreira";"Christophe";"ferreira.christophe@example.com"
"Blondel";"Victor";"blondel.victor@example.fr"
"Peltier";"Marc";"peltier.marc@example.net"
"Brun";"Raymond";"brun.raymond@example.fr"
"Rousseau";"Thibault";"rousseau.thibault@example.fr"
"Petitjean";"Inès";"petitjean.ines@example.fr"
"Bruneau";"Olivie";"bruneau.olivie@example.fr"
